fname,label,Acoustic_guitar,Bass_drum,Cello,Clarinet,Double_bass,Flute,Hi-hat,Saxophone,Snare_drum,Violin_or_fiddle,y_pred
5388d14d.wav,Saxophone,0.004387172870337963,0.0030659614130854607,0.01704474724829197,0.0004292030062060803,0.0011601578444242477,0.00020032160682603717,0.0001254519447684288,0.9653967022895813,6.294428749242797e-05,0.008127317763864994,Saxophone
c685f05f.wav,Saxophone,0.0009088274673558772,0.001738149207085371,0.005238426849246025,0.00452604703605175,8.627825445728377e-05,6.421076250262558e-05,0.0012999118771404028,0.9833837151527405,3.008169551321771e-05,0.0027243979275226593,Saxophone
36d20ab5.wav,Saxophone,5.9910325944656506e-05,1.079724734154297e-05,0.0013034226140007377,0.0003437903942540288,1.0105452020070516e-05,1.1171277037647087e-05,1.0156733878829982e-05,0.998231828212738,2.308453986188397e-06,1.6488649634993635e-05,Saxophone
d6665734.wav,Saxophone,0.0008100588456727564,5.496931044035591e-05,0.02789928950369358,0.0001364413765259087,0.00644313357770443,0.00282132625579834,7.740269211353734e-05,0.9487794041633606,0.0021215358283370733,0.01085652131587267,Saxophone
7352e28f.wav,Saxophone,3.77526635020331e-06,2.595666410343256e-05,0.0018332990584895015,0.0003875663678627461,0.00013244595902506262,0.009264085441827774,3.5418130650555213e-09,0.9883360862731934,2.116732082581979e-13,1.6873224012670107e-05,Saxophone
8fa096bf.wav,Saxophone,9.801211126614362e-05,0.00013789757213089615,0.0005391415907070041,0.0015665272949263453,9.926204802468419e-05,5.183482790016569e-05,0.0019468913087621331,0.9693934917449951,0.0001793283154256642,0.02598763257265091,Saxophone
2f9c5f62.wav,Saxophone,0.005220664199441671,3.785708457826331e-08,0.0002554671373218298,0.025072850286960602,0.009985364973545074,0.00017024164844769984,1.638594149255823e-08,0.9341109395027161,0.023437172174453735,0.0017473247135058045,Saxophone
9cd05a2b.wav,Saxophone,1.2786441629941692e-06,3.752019210878643e-06,4.4385022192727774e-05,5.493349090102129e-05,5.530181078938767e-05,0.012132052332162857,1.3747849436640536e-07,0.987568199634552,8.746534945203166e-07,0.00013939356722403318,Saxophone
ab465bf9.wav,Saxophone,7.576162808220488e-09,1.3614430827146862e-06,6.139694619378133e-08,1.136783467359237e-07,6.78820360917598e-05,0.002796331886202097,2.1723428177827797e-12,0.9971322417259216,8.768781599270692e-13,1.947551254488644e-06,Saxophone
c40632d7.wav,Saxophone,0.013034068048000336,2.4190430849557742e-05,0.1029258593916893,0.030578868463635445,0.004450167063623667,0.001518115634098649,0.006111607886850834,0.7942060232162476,5.87696376896929e-05,0.04709240049123764,Saxophone
3a80061f.wav,Saxophone,0.0006695676711387932,0.00012009677448077127,0.003695305436849594,0.0016279601259157062,1.3229177056928165e-05,0.0007963024545460939,0.013024927116930485,0.9649907946586609,0.006381133571267128,0.00868067517876625,Saxophone
dba6817d.wav,Saxophone,0.005755320191383362,3.461311644059606e-05,0.008732425980269909,1.9316565158078447e-05,0.0002206229546573013,0.0013789843069389462,0.0003385394811630249,0.9786002039909363,0.0036875850055366755,0.0012324177660048008,Saxophone
25f26095.wav,Saxophone,0.0003433828824199736,0.0005232467083260417,0.0011044573038816452,0.0009754123166203499,0.0006316887447610497,0.00036079363781027496,0.0004396416188683361,0.9512413144111633,4.7299283323809505e-05,0.044332705438137054,Saxophone
37cebbd4.wav,Saxophone,5.623976448987378e-07,0.0002433249755995348,1.207648779200099e-06,3.131572520942427e-05,0.01208033598959446,0.0030610442627221346,6.39003294722329e-09,0.9845808744430542,1.2304071823898699e-11,1.1544623248482822e-06,Saxophone
f8d96888.wav,Saxophone,0.008174852468073368,0.0006260171649046242,0.021574558690190315,0.00861915573477745,0.0006575505831278861,0.0010080680949613452,0.000356718257535249,0.9565501809120178,0.0014543154975399375,0.0009787456365302205,Saxophone
d94c94f0.wav,Saxophone,0.0005975792300887406,4.2555653635645285e-05,0.0011568997288122773,0.0010628976160660386,8.198723662644625e-05,1.002057979349047e-05,0.00038940823287703097,0.9956179261207581,0.00016754106036387384,0.0008732157875783741,Saxophone
ec6afeb6.wav,Saxophone,1.2185093964944826e-06,7.520536019001156e-05,9.425217285752296e-06,2.9481852834578604e-06,0.0012918636202812195,0.00035579618997871876,3.959728189784073e-08,0.998246967792511,1.815567973739718e-10,1.6820766177261248e-05,Saxophone
5f0dc8e4.wav,Saxophone,0.0012531813699752092,1.2025576090479717e-09,0.005923043936491013,0.023400602862238884,0.033485062420368195,0.0003741098043974489,2.2296731128079728e-09,0.9355109930038452,6.324447099359531e-07,5.240973041509278e-05,Saxophone
b8c0a88a.wav,Saxophone,1.8166922473028535e-06,1.412645289633474e-08,0.006026198621839285,0.00030128046637400985,0.0002634465345181525,0.019778186455368996,2.289817757628043e-06,0.9736052751541138,1.7572340311744483e-06,1.972499376279302e-05,Saxophone
96dad435.wav,Saxophone,0.0008237989386543632,0.00017245674098376185,7.266534339578357e-06,0.00037949735997244716,0.003344286000356078,0.012213527224957943,4.324176128278623e-09,0.9810658097267151,2.2608444893990054e-08,0.0019932680297642946,Saxophone
b120dc90.wav,Saxophone,0.0001519772340543568,0.0010769173968583345,0.0030299758072942495,0.0028734859079122543,0.007889566011726856,0.00022747325419913977,0.0029876891057938337,0.9731358885765076,0.00027997317374683917,0.00834704376757145,Saxophone
c1948f24.wav,Saxophone,2.865180590561067e-07,1.2018185771012213e-05,0.00022620979871135205,1.81237355718622e-05,3.376141103217378e-05,0.004975179675966501,4.692263999572788e-08,0.9947237968444824,7.969209292468804e-09,1.0488980478839949e-05,Saxophone
ac097834.wav,Saxophone,6.93842230248265e-05,8.515550143783912e-05,0.008297249674797058,0.0008533409563824534,0.001287265564315021,0.03891166299581528,0.001485728775151074,0.9488076567649841,0.00017236062558367848,3.0173539926181547e-05,Saxophone
4345851e.wav,Saxophone,0.0008295477600768209,1.2481596968427766e-05,0.008310589008033276,0.00010437783930683509,2.5725810701260343e-05,0.00034880853490903974,5.850499746884452e-06,0.9892151951789856,0.00045619538286700845,0.000691415392793715,Saxophone
5d4f8187.wav,Saxophone,0.00010286989709129557,6.281454261625186e-05,0.043928906321525574,0.002586768940091133,0.005200118757784367,3.14359858748503e-05,3.508311783662066e-05,0.9478662610054016,6.027357812854461e-06,0.00017978419782593846,Saxophone
b83049f4.wav,Saxophone,6.47359702270478e-05,0.00015729578444734216,0.0006391384522430599,0.01502278447151184,0.00011431037273723632,1.7163816664833575e-05,2.147543455066625e-05,0.9838771224021912,1.928122628669371e-06,8.397614874411374e-05,Saxophone
c1c3c8b9.wav,Saxophone,2.332459007448051e-05,0.002237561158835888,1.7802756701712497e-05,1.8056260159937665e-05,0.06271153688430786,0.0012285771081224084,4.672866538157905e-09,0.9231750965118408,1.309217057682277e-12,0.010587970726191998,Saxophone
78a86075.wav,Saxophone,0.0004592091718222946,0.0003245253465138376,0.01666085235774517,0.0060861981473863125,0.006675700657069683,0.0014457927318289876,0.00024610766558907926,0.9659962058067322,4.03188714699354e-05,0.0020650688093155622,Saxophone
f0d315bc.wav,Saxophone,2.9733178962487727e-05,8.079620101852925e-07,0.04523817077279091,0.019675415009260178,8.278790346594178e-07,0.00020807363034691662,0.00011530653137015179,0.9344814419746399,0.00014559243572875857,0.00010474882583366707,Saxophone
9c0838c1.wav,Saxophone,0.0004913926823064685,0.00010229216422885656,0.0222490131855011,0.004533492028713226,0.009495505131781101,0.012956026010215282,0.0012205096427351236,0.9365003108978271,0.005110013764351606,0.007341647520661354,Saxophone
d6144e01.wav,Violin_or_fiddle,1.6686951820332752e-10,2.429889785079128e-18,6.5780270119830675e-09,1.9029988607144332e-06,2.359270112606282e-09,6.459491795618444e-12,1.0850658327399287e-06,3.445133245350007e-08,9.024320873907143e-11,0.9999969601631165,Violin_or_fiddle
cfb9c5fd.wav,Violin_or_fiddle,0.042770273983478546,0.0019575210753828287,0.033453915268182755,0.003104281611740589,0.003420816268771887,0.0005414136685431004,0.0005437579820863903,0.001711111981421709,0.02404136024415493,0.8884556293487549,Violin_or_fiddle
c6865306.wav,Violin_or_fiddle,0.04552340880036354,2.6072755645145662e-05,0.047732315957546234,0.0004398581513669342,0.00432031974196434,0.0022271217312663794,0.0014965058071538806,0.03763466700911522,0.007734276819974184,0.85286545753479,Violin_or_fiddle
642aba58.wav,Violin_or_fiddle,0.01035376638174057,0.003619753522798419,0.0009494780679233372,0.00026482180692255497,0.07650832086801529,0.0007673310465179384,1.6410414218626102e-06,0.015359031967818737,0.0006045583868399262,0.8915713429450989,Violin_or_fiddle
848faca3.wav,Violin_or_fiddle,6.297109212027863e-05,5.1510696721379645e-06,0.0010584366973489523,6.18888734607026e-05,1.5935651390464045e-05,7.465399448847165e-06,1.563242039992474e-05,1.1365637874405365e-05,9.186700253849267e-07,0.9987602233886719,Violin_or_fiddle
7eb9dac0.wav,Violin_or_fiddle,0.00659021595492959,0.0017200765432789922,0.00894887000322342,0.0071205394342541695,0.000833666417747736,0.00012166586384410039,0.0113947419449687,0.000390601868275553,0.001214551622979343,0.9616649746894836,Violin_or_fiddle
8d7d7dba.wav,Violin_or_fiddle,0.02614947222173214,1.8091132005793042e-05,0.02076740562915802,0.0008801210788078606,0.00030234784935601056,0.00042740278877317905,0.0010723824379965663,0.026585891842842102,0.0004933584714308381,0.9233035445213318,Violin_or_fiddle
2424ad60.wav,Violin_or_fiddle,0.00577615387737751,0.007006373722106218,0.0036109858192503452,0.0012210215209051967,0.0015778816305100918,0.0025223589036613703,0.0003054172557312995,0.0034242754336446524,0.024408966302871704,0.9501466155052185,Violin_or_fiddle
ba648ac1.wav,Violin_or_fiddle,0.0011175572872161865,7.77066161390394e-05,0.003469272283837199,0.00044690430513583124,0.0003108116507064551,2.3876224076957442e-05,3.781899795285426e-05,6.857256812509149e-05,0.0010193882044404745,0.9934281706809998,Violin_or_fiddle
2e4a9850.wav,Violin_or_fiddle,6.780568946851417e-05,1.3238061757903097e-09,0.0002080764970742166,2.947302164102439e-05,2.8368129179057178e-08,9.041715202329215e-06,1.3466107702697627e-05,0.0002045001310762018,1.5103115629244712e-06,0.999466061592102,Violin_or_fiddle
2cc8683d.wav,Violin_or_fiddle,0.018203802406787872,0.0002062984131043777,0.013568817637860775,0.0005480335676111281,0.0004862087080255151,0.0003799445112235844,0.00017043824482243508,0.001496851909905672,0.0022416547872126102,0.9626980423927307,Violin_or_fiddle
7b6a119e.wav,Violin_or_fiddle,7.93638506024763e-08,2.4430942602293726e-08,5.3885491979599465e-06,0.0003117439046036452,2.2739700966667442e-07,6.699164805468172e-05,0.00014056885265745223,1.28728595427674e-06,7.385909839285887e-07,0.9994729161262512,Violin_or_fiddle
68589f79.wav,Violin_or_fiddle,0.010300776921212673,0.014624395407736301,0.024304497987031937,0.0006550480029545724,0.004172812681645155,0.00010354594269301742,0.0008672825060784817,0.0011633022222667933,0.00015893936506472528,0.9436493515968323,Violin_or_fiddle
fec00143.wav,Violin_or_fiddle,0.0001082376329577528,1.5475650982921252e-08,0.00010527073754929006,4.113991599297151e-05,3.0782864541833987e-06,2.4718015993130393e-05,6.200741336215287e-05,0.00010027878306573257,3.2383985626438516e-07,0.9995549321174622,Violin_or_fiddle
1b24c166.wav,Violin_or_fiddle,0.05303545296192169,0.00699233403429389,0.05992088466882706,0.0019981965888291597,0.03618491068482399,0.0006051449454389513,0.0027098332066088915,0.005166600923985243,0.00013739628775510937,0.8332492709159851,Violin_or_fiddle
6eb59008.wav,Violin_or_fiddle,2.5459732455601625e-07,4.061517441811269e-11,8.766038263274822e-06,7.80045593273826e-05,1.0478825970494654e-05,1.98726729649934e-06,0.0004532097664196044,5.9667645473382436e-06,1.45228273140674e-06,0.9994398355484009,Violin_or_fiddle
0e7cd4eb.wav,Violin_or_fiddle,0.03186190500855446,0.00235005677677691,0.02259235456585884,0.0006753478082828224,0.02173493430018425,0.0002870960161089897,0.00014927584561519325,0.00415307329967618,0.01082487590610981,0.9053709506988525,Violin_or_fiddle
56e79c6f.wav,Violin_or_fiddle,0.0002331755677005276,5.284672624839004e-06,0.004063013941049576,9.859340207185596e-05,2.900511390180327e-05,0.012960314750671387,0.00024431038764305413,0.013543900102376938,4.1660112515273795e-07,0.9688223600387573,Violin_or_fiddle
cdc5fe8e.wav,Violin_or_fiddle,0.006435580551624298,0.0001576894283061847,0.006230900529772043,0.0005309052066877484,0.14768771827220917,0.03383965417742729,2.4255761672975495e-05,0.05474391579627991,0.00647952314466238,0.7438698410987854,Violin_or_fiddle
b38409bb.wav,Violin_or_fiddle,9.837521020017448e-07,4.530953390258219e-11,2.46657464231248e-06,1.782834078767337e-05,2.7261945589884817e-08,1.2068675836474085e-08,1.4642623682448175e-05,1.7880656741908751e-06,4.2162781710430863e-07,0.9999618530273438,Violin_or_fiddle
c8c117dc.wav,Violin_or_fiddle,0.1133868396282196,0.005530583206564188,0.08297036588191986,0.0004714570823125541,0.0037105309311300516,0.00011488489690236747,0.00015603275096509606,0.00420919107273221,0.0071243708953261375,0.7823257446289062,Violin_or_fiddle
b73c3595.wav,Violin_or_fiddle,1.2246883329680713e-07,2.426439257852131e-11,1.2200446519727848e-07,3.1407100777869346e-06,2.3253463155015197e-08,9.423495317406605e-10,9.071541171579156e-07,4.928157437689151e-08,3.363875578088482e-07,0.999995231628418,Violin_or_fiddle
d84c8c43.wav,Violin_or_fiddle,0.0032833549194037914,0.004439494106918573,0.01948157139122486,0.0017726921942085028,0.006130528636276722,8.908101881388575e-05,0.00043054172419942915,0.00041818676982074976,0.00017314594879280776,0.9637815952301025,Violin_or_fiddle
d914225a.wav,Violin_or_fiddle,0.0029447951819747686,1.253195932804374e-05,0.025510501116514206,0.0003201382060069591,0.03906732052564621,0.006401004735380411,2.512456921976991e-05,0.03264675289392471,0.00020324655633885413,0.8928685188293457,Violin_or_fiddle
1148986e.wav,Violin_or_fiddle,0.09759176522493362,1.1576752513065003e-05,0.09873318672180176,2.268325943077798e-06,0.005128948483616114,0.001882155891507864,1.0564102922216989e-05,0.0027213003486394882,0.00018609463586471975,0.7937321066856384,Violin_or_fiddle
e3f479f3.wav,Violin_or_fiddle,0.0004739215655717999,2.3826808046578662e-06,0.007965220138430595,0.00032262474996969104,0.0054881637915968895,0.001335098291747272,0.002944699488580227,0.01621089316904545,0.010516512207686901,0.954740583896637,Violin_or_fiddle
aab28420.wav,Violin_or_fiddle,0.0013140869559720159,0.0011748414253816009,0.013563076965510845,0.000477685738587752,0.0013303125742822886,0.00010098069469677284,0.0002678403980098665,0.00017684402700979263,3.35020522470586e-05,0.9815608263015747,Violin_or_fiddle
21346775.wav,Violin_or_fiddle,0.02006707713007927,0.0004275074752513319,0.026507798582315445,0.00015775643987581134,0.000839681422803551,0.0025501875206828117,8.354903548024595e-05,0.0001598387461854145,0.0004782027972396463,0.9487285017967224,Violin_or_fiddle
cdeece57.wav,Violin_or_fiddle,0.0253789983689785,0.003077713306993246,0.007242192514240742,0.0020040508825331926,0.00010373745317338035,0.010047857649624348,0.00018286013801116496,0.03295715153217316,0.00020588086044881493,0.9187994599342346,Violin_or_fiddle
c9fb642d.wav,Violin_or_fiddle,0.02317686937749386,1.3168389159545768e-05,0.012077406980097294,6.302166730165482e-05,2.8784921596525237e-05,3.2144555007107556e-05,5.395262996898964e-05,0.08846442401409149,0.001713471137918532,0.8743767738342285,Violin_or_fiddle
078f7ac0.wav,Hi-hat,4.3989117903819874e-12,3.68979926445937e-17,5.113593229411073e-11,2.9289465297566153e-10,1.1374409053521717e-10,9.3683472091044e-10,1.0,4.582552393106454e-10,9.40837338592182e-11,8.231781228884572e-11,Hi-hat
e897db78.wav,Hi-hat,5.284447879283505e-10,1.1596929251183599e-15,5.25416841111459e-13,3.0506059917750905e-12,2.4006211948868206e-11,1.3409911202300062e-13,1.0,4.7743785485861376e-18,7.806484950655113e-13,4.856414315829172e-12,Hi-hat
b31ed1fb.wav,Hi-hat,2.0992481495341053e-06,1.7774222371702564e-10,2.913048717800848e-07,1.0699991292995037e-07,4.692272348449933e-09,1.525531416746162e-07,0.9754751920700073,6.838561148470035e-06,0.0243590846657753,0.00015638158947695047,Hi-hat
06c48eab.wav,Hi-hat,2.1864971131435595e-05,2.1382950308179716e-06,1.0246682222714298e-06,3.745473441085778e-05,2.6592638278089e-06,2.3163553123595193e-05,0.999480664730072,9.725206473376602e-05,2.5613702746341005e-05,0.0003081471659243107,Hi-hat
2503aaa1.wav,Hi-hat,1.8366701215466463e-10,3.895332153217761e-15,1.6758539000960582e-11,1.5119174801014879e-09,6.871607883401909e-12,6.608646963002229e-10,1.0,4.5085480487871976e-11,7.943393859344283e-11,1.4068754494722668e-10,Hi-hat
3d3439f1.wav,Hi-hat,1.7137690155877294e-09,2.5851114677956225e-16,5.674842106645483e-13,3.12906167990179e-13,7.390055581368848e-12,2.99629502524372e-14,1.0,1.3940053001243773e-18,1.8036553153799595e-12,7.547675158481315e-12,Hi-hat
34a90030.wav,Hi-hat,1.351726998562175e-12,6.329750190908571e-20,1.014095423845611e-13,2.057168237840079e-12,5.361390584962544e-14,2.3034818410344604e-13,1.0,1.1611045750081306e-17,1.0481901432165142e-15,4.656352343632153e-13,Hi-hat
da4b0379.wav,Hi-hat,1.2547557437514456e-10,7.424164166549984e-19,2.451278409244871e-15,2.83180965486476e-15,3.6184407250020034e-13,1.270574170125378e-16,1.0,4.84655945328616e-21,4.2582978159247387e-13,5.091244266453021e-12,Hi-hat
a090c45a.wav,Hi-hat,2.4565504144757888e-11,4.202149774267693e-16,1.3435894954396625e-15,2.756668218619352e-14,9.835642500108377e-13,1.5788157329689836e-15,1.0,5.086011399739978e-18,9.449779847514606e-11,6.418574981410796e-13,Hi-hat
41897c32.wav,Hi-hat,5.777194586435719e-13,5.064447938544063e-19,8.519951203692002e-15,3.4374278357063304e-07,2.2731983396334643e-12,2.269773128130148e-12,0.9999996423721313,2.508175524912337e-12,2.640790086605449e-10,7.202774834902392e-12,Hi-hat
2032be87.wav,Hi-hat,6.965710289390942e-14,4.4013552475007556e-16,9.629671504640669e-10,2.1239863201572007e-08,1.3265297063927428e-12,2.2298596302761098e-09,0.9999999403953552,1.3099008856765071e-11,2.217949202076852e-08,2.4329626854835418e-11,Hi-hat
73677128.wav,Hi-hat,6.142395077811391e-13,3.969689519725704e-20,9.836515689433042e-14,5.523173238208834e-11,3.625708945315803e-14,2.6040657802837985e-13,1.0,9.299235067693114e-15,8.048944323546525e-12,6.324335044376184e-13,Hi-hat
c53a217e.wav,Hi-hat,3.7260271907799125e-13,1.895131012447338e-19,2.0892700547045506e-13,9.01123880375776e-12,7.095734590178981e-13,1.4218310773542187e-12,1.0,1.0108800867778336e-13,5.1395746789332716e-14,2.5193990990657333e-11,Hi-hat
f0dfe343.wav,Hi-hat,2.993169800902251e-08,1.392755633045084e-10,0.0023587169125676155,3.73988805222325e-05,4.1816730345090036e-07,0.0030027199536561966,0.9944690465927124,2.8544676752062514e-05,9.641629503676086e-07,0.00010213662608293816,Hi-hat
0ed06544.wav,Hi-hat,3.228981752118054e-13,1.0697087273826566e-18,4.437792841538446e-11,4.606926840011738e-09,4.592299847686054e-13,1.0925925095217615e-11,1.0,2.477992041161753e-13,6.06700670605087e-13,4.893893016527651e-12,Hi-hat
99c96a07.wav,Hi-hat,9.17282072521175e-09,1.655447867676685e-08,4.0877293217000954e-10,2.4865933028195286e-06,5.973420513782912e-08,1.1222841544977769e-09,0.9999968409538269,2.258248926398365e-12,4.5153811356613005e-07,1.5335255909576517e-07,Hi-hat
3a3d0279.wav,Hi-hat,8.937361406502475e-10,2.286302860899335e-15,8.462962827000733e-15,1.7006806119629347e-13,5.035242622158931e-12,1.4432158166298188e-15,1.0,1.6628844941378017e-17,3.672300519230731e-10,1.916520978376135e-12,Hi-hat
612702c3.wav,Hi-hat,2.160140066820304e-09,2.845262437115026e-12,4.187711809267025e-12,3.2216622258829375e-08,1.1788373832644083e-08,1.1450607217966535e-07,0.9999998807907104,6.637513455531874e-11,2.7872429364528273e-10,8.90818263599158e-09,Hi-hat
d6854eb4.wav,Hi-hat,0.0028604320250451565,0.0004938545753248036,0.027448341250419617,0.004250992555171251,0.0018561168108135462,0.001354134175926447,0.9383425116539001,0.006407099310308695,0.0003821715072263032,0.016604341566562653,Hi-hat
52300f9b.wav,Hi-hat,2.1612892682140727e-13,3.712611478867026e-19,4.836295887421585e-14,4.0082301921984254e-08,6.884352116154346e-11,1.7294232018683076e-11,0.9999998807907104,4.2918373716061e-11,4.671867493560855e-12,4.646046392053904e-08,Hi-hat
09a1cfd7.wav,Hi-hat,4.9713969919873424e-12,2.263826047550554e-16,2.7946799063295613e-13,3.608633183938004e-11,1.2516594531664094e-11,6.352608191003903e-14,1.0,2.7377576998521315e-14,2.514632599370792e-12,1.031782623749089e-12,Hi-hat
3aafb6ad.wav,Hi-hat,5.6715258267558966e-08,1.7400162422021026e-09,1.4050846042223952e-09,9.555901488056406e-05,1.2068862531577906e-07,7.469862062237098e-09,0.9998025894165039,2.8880979243695037e-06,2.435113799492683e-08,9.896635310724378e-05,Hi-hat
493c247b.wav,Hi-hat,1.5164362821007416e-11,3.0268199327287493e-15,1.7908976385205833e-11,4.879270818491932e-06,6.836051280600941e-09,2.8226190829094833e-10,0.9999951720237732,1.7200704860442784e-08,3.646683843783194e-09,4.953264465257234e-09,Hi-hat
5ec7ad26.wav,Hi-hat,4.404728031204286e-07,1.866752846052533e-12,3.158186490104242e-10,6.896324067362514e-10,6.869210089632816e-09,2.0186285976109275e-10,0.999999463558197,4.776786401866108e-15,5.48801821764755e-08,1.008541961056153e-08,Hi-hat
a1b369d7.wav,Hi-hat,3.480753879570031e-12,1.7767636639895018e-19,1.841201277270714e-14,1.9825532326933626e-09,2.5635946815892596e-13,6.910300104486997e-14,1.0,4.0888699490062436e-14,5.5256021980198966e-11,2.2598353852272546e-13,Hi-hat
8cd809d3.wav,Hi-hat,5.641655320687278e-07,9.83694803835533e-07,2.032934247608864e-07,0.023379597812891006,2.8881920570711372e-06,5.057170326949745e-08,0.9736843705177307,0.0028943349607288837,2.0478064755025116e-07,3.696611020131968e-05,Hi-hat
aed9d22f.wav,Hi-hat,2.656675335450942e-13,3.861262370496825e-15,1.464727644728825e-11,4.32249930293338e-10,1.0716971581004042e-11,5.947114800619602e-08,0.9999999403953552,2.744230120921287e-10,7.619913588996496e-09,1.2687066675010072e-10,Hi-hat
a7964699.wav,Hi-hat,7.379021838005428e-08,3.346994148500926e-08,2.3999532916541e-10,3.656445551314391e-05,6.883638548060844e-08,2.425185607890512e-09,0.999629020690918,0.00010664012370398268,9.162688030528443e-08,0.0002274757862323895,Hi-hat
da3f8050.wav,Hi-hat,2.763986539644492e-10,1.636804027819322e-13,3.9787067862562253e-07,4.891979187959805e-06,8.566183873348621e-10,3.1577567369822646e-06,0.9999915361404419,4.687512955570128e-08,9.800266376203126e-09,1.7215144865190268e-08,Hi-hat
468f9c4c.wav,Hi-hat,0.0010523024247959256,0.0021878050174564123,0.005918730981647968,0.0022049550898373127,0.0022630696184933186,0.0004893944133073092,0.9827307462692261,8.485944999847561e-05,0.00013991417654324323,0.002928168512880802,Hi-hat
229be2be.wav,Snare_drum,0.0015464690513908863,4.598268787958659e-05,7.312538218684494e-05,8.761327308093314e-07,6.780202284062398e-07,1.470869392505847e-06,0.014201652258634567,5.527880944100616e-07,0.9841169714927673,1.2269661056052428e-05,Snare_drum
b6cbc6a9.wav,Snare_drum,7.027946367088589e-07,4.736216752121436e-08,4.66443905722258e-09,2.6593229840443655e-09,1.6403740865644778e-10,9.106154941207478e-09,9.88645333563909e-05,1.2825219641854346e-07,0.9998997449874878,5.180150992600829e-07,Snare_drum
ae7d1c37.wav,Snare_drum,0.004944481421262026,2.491406803528662e-06,8.874769991962239e-05,0.00015140732284635305,6.504266281126547e-08,2.6902232548309257e-06,2.589085852378048e-06,0.023911064490675926,0.9708089828491211,8.767127292230725e-05,Snare_drum
82d4fb44.wav,Snare_drum,2.1733780158683658e-05,4.923940650769509e-06,5.35820703362333e-08,7.925236218397913e-07,9.168690667138435e-06,2.7237405220148503e-07,0.0030635101720690727,2.441305696265772e-06,0.9968746900558472,2.2454734789789654e-05,Snare_drum
4c590f69.wav,Snare_drum,0.015465865842998028,0.00040979747427627444,5.142163354321383e-05,0.001475760480388999,0.0006772233173251152,0.00010710761125665158,0.0014496278017759323,0.0016033098800107837,0.9547592401504517,0.024000652134418488,Snare_drum
1c9a423f.wav,Snare_drum,0.00014646127237938344,8.552891728186296e-09,6.197197990331915e-07,4.379919118946418e-05,2.5100528091570595e-06,0.0020698844455182552,1.9962742953794077e-05,0.00017090197070501745,0.9967090487480164,0.0008367056725546718,Snare_drum
f0727eac.wav,Snare_drum,1.432165390724549e-06,4.27043278250494e-06,8.26760313543673e-08,1.6559106086333486e-07,9.444881321485354e-09,1.1965969861194026e-05,0.0007019189069978893,7.935050234664232e-07,0.9992735981941223,5.72373346585664e-06,Snare_drum
31db8c5e.wav,Snare_drum,0.003664068877696991,0.0007986468845047057,0.000699223077390343,3.826240117632551e-06,0.0011060985270887613,0.00011173420352861285,0.0032182608265429735,0.0007966908742673695,0.9895529747009277,4.8456291551701725e-05,Snare_drum
b86b5a96.wav,Snare_drum,0.0004067838308401406,0.0001413241698173806,1.4323349205369595e-05,1.9998860807390884e-05,1.543901817058213e-06,1.8647035176400095e-05,0.0006873505772091448,0.004382274579256773,0.994196891784668,0.00013084140664432198,Snare_drum
6fca680b.wav,Snare_drum,0.006060818675905466,0.00021284107060637325,7.212293712655082e-05,0.0005754095618613064,0.00851366389542818,1.2220669304952025e-05,8.147604830810451e-07,0.002883964916691184,0.9812100529670715,0.00045795770711265504,Snare_drum
1bc8eae1.wav,Snare_drum,0.00030505211907438934,6.108485649747308e-06,5.6123503782146145e-06,2.592488499431056e-06,0.0001044020609697327,2.074301846732851e-06,6.834182386228349e-06,4.6223132812883705e-05,0.9993637800216675,0.00015731553139630705,Snare_drum
46b52f97.wav,Snare_drum,0.0005111655918881297,2.5426865590816305e-07,3.183411081408849e-06,0.0003384174488019198,2.336746547371149e-06,1.7267801013076678e-05,0.0022655522916465998,0.001429434516467154,0.9951850175857544,0.0002473906788509339,Snare_drum
0c67f402.wav,Snare_drum,0.0009965120116248727,0.0003620590141508728,5.872494057257427e-06,6.539813739436795e-07,1.0978734280797653e-05,2.7252294785284903e-06,0.00010311047662980855,0.0002381118101766333,0.9982700347900391,1.0250123523292132e-05,Snare_drum
c8ecbbfd.wav,Snare_drum,0.0014798040501773357,3.280487726442516e-05,3.304730853415094e-05,0.0013236087979748845,0.002518443623557687,1.4465710592048708e-05,0.0006858755950815976,0.0011575354728847742,0.9925177693367004,0.00023655383847653866,Snare_drum
9f84ea5a.wav,Snare_drum,0.026411646977066994,5.197315476834774e-05,0.137066051363945,0.0056655858643352985,0.11216548085212708,0.028449229896068573,5.420246793619299e-07,0.0014270816463977098,0.6863784193992615,0.0023839243222028017,Snare_drum
e4958adc.wav,Snare_drum,0.002329598879441619,1.1563508905965136e-06,0.001981280976906419,0.0012308681616559625,7.091382059343232e-08,2.7642599889077246e-06,2.4306737600454653e-07,0.0012869779020547867,0.9931098222732544,5.747485556639731e-05,Snare_drum
5ce40b1b.wav,Snare_drum,0.003006712533533573,0.0007098114583641291,0.0002983053564094007,1.5855556512178737e-06,1.1385653124307282e-05,3.733425273821922e-06,4.705604169430444e-06,0.0005808589048683643,0.9953303933143616,5.252387563814409e-05,Snare_drum
9d308738.wav,Snare_drum,0.00030622235499322414,0.00026636046823114157,0.0002182717144023627,3.485795241431333e-05,1.6922966779020499e-06,0.00011125067248940468,0.006685400381684303,0.0008124835439957678,0.9877132177352905,0.0038501559756696224,Snare_drum
1e3391d5.wav,Snare_drum,0.01372951827943325,1.0696099934648373e-06,2.7548644538910594e-06,0.010237162932753563,2.7863268314831657e-06,2.3073985744304082e-07,1.1038928704465434e-07,0.0037196027114987373,0.9722815155982971,2.5355418983963318e-05,Snare_drum
ff3f21e7.wav,Snare_drum,2.4583989215898328e-05,3.311922682769364e-07,2.7474111874425944e-08,5.24593701811682e-07,3.660790071080555e-07,2.9425551772988e-08,2.509432306396775e-06,1.8324375560041517e-05,0.9998131394386292,0.00014034920604899526,Snare_drum
b68f10af.wav,Snare_drum,0.044776175171136856,0.004689846187829971,0.004137564916163683,0.0072258575819432735,0.001189804752357304,0.004800228402018547,0.019647957757115364,0.05846451595425606,0.8417786359786987,0.013289305381476879,Snare_drum
e8e00924.wav,Snare_drum,0.028300562873482704,3.9272941648960114e-05,0.0019380669109523296,2.8568316338350996e-05,0.00014584165182895958,0.008189259096980095,0.00014240178279578686,0.0038043297827243805,0.9046714305877686,0.05274021625518799,Snare_drum
22e1c02c.wav,Snare_drum,0.004220621194690466,0.0005857183714397252,0.001703967689536512,0.0002444787241984159,0.00037512232665903866,0.0017595294630154967,5.841271558892913e-05,0.002192823914811015,0.9799615740776062,0.008897775784134865,Snare_drum
5c33d972.wav,Snare_drum,0.11741117388010025,0.009625297971069813,0.05483629181981087,0.011999917216598988,0.03359620273113251,0.0007238811231218278,0.0017261169850826263,0.0026247098576277494,0.7168037295341492,0.050652652978897095,Snare_drum
9320c55f.wav,Snare_drum,0.029990360140800476,0.0028348187915980816,0.020056601613759995,0.00029743314371444285,0.0006906545022502542,0.0004676756216213107,0.00014110642950981855,0.007028613239526749,0.8438059687614441,0.09468672424554825,Snare_drum
f1754aea.wav,Snare_drum,0.0690109059214592,0.013895289041101933,0.0008380024810321629,0.0008184561156667769,0.0028496617451310158,0.0004425259248819202,0.022406304255127907,0.0002832243044395,0.8892387747764587,0.00021684505918528885,Snare_drum
b218444c.wav,Snare_drum,0.0022303140722215176,6.0539317928487435e-05,0.012826496735215187,0.00021735564223490655,0.002331810537725687,1.5686167898820713e-05,2.6269651698385132e-06,0.010792328044772148,0.9701496958732605,0.0013731088256463408,Snare_drum
36d06cc0.wav,Snare_drum,2.286894186909194e-06,1.2732106036139612e-08,2.8339039448432857e-10,6.951595965531965e-10,8.466798789852348e-11,1.8749854446831193e-10,1.947948913283426e-09,2.2129765966383275e-06,0.9999914169311523,4.024151621706551e-06,Snare_drum
4c4d4797.wav,Snare_drum,0.0016624912386760116,0.00022058049216866493,0.00045340650831349194,0.0003600730560719967,6.533561827382073e-05,9.92696950561367e-05,4.6976576413726434e-05,0.001281548640690744,0.9883953928947449,0.0074149370193481445,Snare_drum
cae0d841.wav,Snare_drum,3.9805981941754e-05,1.0971430128847715e-06,6.141131962067448e-06,0.00040453195106238127,1.4132988326309714e-06,5.42389607289806e-05,0.0013814045814797282,9.270450391341e-06,0.9321691989898682,0.06593289971351624,Snare_drum
17f82c05.wav,Acoustic_guitar,0.6531422734260559,0.004133367445319891,0.059685301035642624,0.00021556844876613468,0.2700221538543701,0.00025620407541282475,5.250456160865724e-05,0.007761020213365555,0.00220491923391819,0.0025266518350690603,Acoustic_guitar
0eeaebcb.wav,Acoustic_guitar,0.990605354309082,7.727773549959238e-07,0.0011791600845754147,2.540222521929536e-05,0.0013719237176701427,0.00667066965252161,3.052542069781339e-06,0.00011246300709899515,9.329037311545108e-06,2.1847754396731034e-05,Acoustic_guitar
e92bf0fa.wav,Acoustic_guitar,0.9826481938362122,1.0441757325452272e-07,0.005569972097873688,2.1719743017456494e-06,2.0736606529681012e-05,0.004029823467135429,5.117852452940497e-08,0.0005698531167581677,8.953881547313358e-08,0.007159017957746983,Acoustic_guitar
10da16fb.wav,Acoustic_guitar,0.9894971251487732,2.537101693178556e-07,0.0037888202350586653,0.0014790775021538138,0.0001051683648256585,0.0005003523547202349,2.187097010164507e-07,0.000985279562883079,7.668918988201767e-05,0.0035671235527843237,Acoustic_guitar
a25423a8.wav,Acoustic_guitar,0.947033703327179,1.4422641470446251e-05,0.0010069232666864991,0.0018411584896966815,0.0407988503575325,2.0288558516767807e-05,3.2546129205002217e-06,0.003706635208800435,0.004591004457324743,0.00098375603556633,Acoustic_guitar
16c9a838.wav,Acoustic_guitar,0.9417718052864075,7.686050230404362e-05,0.01669243536889553,0.030713535845279694,0.0012213453883305192,0.0055168685503304005,3.3382343644916546e-07,0.0001246255706064403,5.413019243860617e-05,0.003828061744570732,Acoustic_guitar
70ca9c77.wav,Acoustic_guitar,0.7817041277885437,0.0005232535768300295,0.03878476843237877,0.02187088131904602,0.15499643981456757,5.134997263667174e-05,2.3471116037399042e-06,0.000638098455965519,0.0013262358261272311,0.00010251407366013154,Acoustic_guitar
38216fad.wav,Acoustic_guitar,0.9646128416061401,0.001923773088492453,0.00539196515455842,0.0046128397807478905,0.006594354752451181,8.2702528743539e-05,1.3291591130837332e-05,0.0015191873535513878,0.0008360556093975902,0.014412985183298588,Acoustic_guitar
d8a257e5.wav,Acoustic_guitar,0.9375539422035217,0.0017143995501101017,0.009225364774465561,0.004671124741435051,0.0028788920026272535,0.0005862370599061251,0.00029512555920518935,0.001391468453221023,0.029524309560656548,0.012159201316535473,Acoustic_guitar
7506dcc4.wav,Acoustic_guitar,0.9689411520957947,2.8416067276992862e-09,5.04543240822386e-05,0.01683088205754757,0.009865782223641872,1.0020556146628223e-05,6.037655930768437e-10,0.003323790617287159,1.52894663187908e-05,0.0009625924867577851,Acoustic_guitar
a6728901.wav,Acoustic_guitar,0.9647566676139832,2.170064874462696e-07,0.025563368573784828,2.3972550167172813e-08,0.0005151263321749866,4.2915213271044195e-05,0.00013777436106465757,1.554207847220823e-05,7.2588095534342756e-09,0.008968353271484375,Acoustic_guitar
b88322f6.wav,Acoustic_guitar,0.9764103889465332,0.01769941858947277,0.002763531170785427,0.00022432455443777144,0.0007825486827641726,1.000620068225544e-05,8.35559330880642e-06,0.0019369979854673147,2.1560757886618376e-05,0.00014290752005763352,Acoustic_guitar
35039ae1.wav,Acoustic_guitar,0.9394531846046448,1.7637521523283795e-05,0.05873008072376251,3.0248972393565055e-07,0.00015705268015153706,0.00018211173301097006,4.3674059270415455e-05,0.0005079052061773837,4.272117166692624e-06,0.0009036508272401989,Acoustic_guitar
236cbab1.wav,Acoustic_guitar,0.9440597295761108,0.0005960942944511771,0.005130428355187178,0.0018606430385261774,0.03578709810972214,0.0001607468002475798,0.000360324775101617,0.006533995270729065,0.004749451298266649,0.0007615482900291681,Acoustic_guitar
0356dec7.wav,Acoustic_guitar,0.9056269526481628,0.00051764992531389,0.0029743104241788387,0.0001936913758981973,0.0011274806456640363,9.511715325061232e-05,0.00024167356605175883,0.056252896785736084,0.024050535634160042,0.008919590152800083,Acoustic_guitar
bb1f5874.wav,Acoustic_guitar,0.9863974452018738,4.401844762469409e-06,0.010615784674882889,3.4910103750007693e-06,0.00021172099513933063,1.998584411921911e-05,7.131014285732817e-07,0.0006505009951069951,2.0333141037554014e-07,0.002095734467729926,Acoustic_guitar
34747922.wav,Acoustic_guitar,0.9389815926551819,0.0002303226210642606,0.00023358978796750307,0.00023941141262184829,0.0008610914228484035,0.0007976063643582165,0.004914504010230303,0.04006063565611839,0.00045152645907364786,0.013229814358055592,Acoustic_guitar
44fb3eeb.wav,Acoustic_guitar,0.9884815812110901,8.337953477166593e-05,0.001113750273361802,1.3972713531984482e-05,0.0005321338539943099,0.0015167135279625654,7.159035249060253e-07,0.008187899366021156,1.9085980511590606e-06,6.784734432585537e-05,Acoustic_guitar
367ad7b1.wav,Acoustic_guitar,0.8811808228492737,0.002128634136170149,0.05407492816448212,0.0003362582647241652,0.033245451748371124,0.02387162856757641,8.018088556127623e-05,0.004620855674147606,0.00012940190208610147,0.00033172781695611775,Acoustic_guitar
160c92d7.wav,Acoustic_guitar,0.9938512444496155,1.1888396933557033e-08,0.0013317604316398501,2.0817781205551e-06,7.338678187807091e-06,0.0002565377508290112,1.1347299100350483e-08,0.0002446429571136832,1.147828788816696e-05,0.004294951446354389,Acoustic_guitar
2016d256.wav,Acoustic_guitar,0.9674276113510132,4.7130042923893e-11,1.310826746703242e-06,0.030367370694875717,0.00025861867470666766,1.7520289929962019e-06,7.283813309444387e-12,0.001793690025806427,5.854443543285015e-07,0.00014920199464540929,Acoustic_guitar
fc55d588.wav,Acoustic_guitar,0.8228588700294495,3.2569074392085895e-05,0.11120050400495529,0.001351147424429655,0.014646928757429123,0.012495027855038643,2.209477315773256e-06,0.009811239317059517,0.024329565465450287,0.0032718500588089228,Acoustic_guitar
c7846d27.wav,Acoustic_guitar,0.9937513470649719,3.980661915647943e-07,0.0016038086032494903,2.8318493150436552e-06,1.6141215382958762e-05,0.0004732010420411825,0.0017559814732521772,4.265561074134894e-05,1.8510958170736558e-06,0.0023519862443208694,Acoustic_guitar
55822aae.wav,Acoustic_guitar,0.965434193611145,3.0523427994921803e-05,0.009720323607325554,0.0008803104283288121,0.0017949959728866816,0.010322274640202522,0.009618444368243217,7.447821644746e-06,0.0006312404875643551,0.0015599016332998872,Acoustic_guitar
9923ddf8.wav,Acoustic_guitar,0.9451770782470703,2.3609306783883843e-12,5.633751811728871e-07,0.0003956576983910054,5.995419996907003e-05,1.4940468417989905e-07,3.8838695104459475e-07,0.00012969502131454647,9.77608749508363e-09,0.05423648655414581,Acoustic_guitar
32dee61b.wav,Acoustic_guitar,0.9234253764152527,0.007996095344424248,0.027842199429869652,0.00042926543392241,0.020666103810071945,4.8413861804874614e-05,0.00012343678099568933,0.017209332436323166,1.280616743315477e-05,0.0022469009272754192,Acoustic_guitar
fa4d4a92.wav,Acoustic_guitar,0.8211607933044434,6.107045464887051e-06,0.005012044683098793,0.005376032087951899,0.167413592338562,4.462922333914321e-06,2.3957991857059824e-07,0.0005086567252874374,0.0004988304572179914,1.9201786926714703e-05,Acoustic_guitar
8da75280.wav,Acoustic_guitar,0.5811063647270203,1.3477867469191551e-05,0.03681853041052818,0.0017871647141873837,0.3772681951522827,0.00011285470827715471,9.896861001834623e-07,0.0019209416350349784,0.0005113464430905879,0.00046017870772629976,Acoustic_guitar
b2261238.wav,Acoustic_guitar,0.9128934144973755,4.4448494008975103e-05,0.01046089269220829,0.00011578269914025441,0.003562356112524867,0.0007057899492792785,2.2548492779606022e-05,0.021881544962525368,0.04192598909139633,0.00838730949908495,Acoustic_guitar
673defaf.wav,Acoustic_guitar,0.9758824706077576,2.691802365006879e-06,0.0008681475301273167,6.623539229622111e-05,4.887759814664605e-07,2.572421408331138e-06,1.89046095329104e-05,0.0025965652894228697,3.818236291408539e-05,0.020523790270090103,Acoustic_guitar
e6597186.wav,Double_bass,0.2953469455242157,1.3324109204404522e-05,0.034386757761240005,0.00017734983703121543,0.6698233485221863,1.0505513273528777e-05,1.9880397772453762e-08,6.829224003013223e-05,7.496349280700088e-05,9.847492765402421e-05,Double_bass
fcfafbc8.wav,Double_bass,0.0017623812891542912,0.007753854151815176,0.017382312566041946,1.091722515411675e-05,0.9730812907218933,7.992171902060363e-08,8.941665186057435e-08,3.8668163142574485e-06,3.217301809854689e-06,1.8788584839057876e-06,Double_bass
444f9db5.wav,Double_bass,0.0014523162972182035,2.826548916345928e-05,0.0020264380145817995,0.00010552482854109257,0.9525110721588135,4.313224053476006e-06,3.87535379786641e-07,0.0437835156917572,8.196429348572565e-07,8.745685045141727e-05,Double_bass
19893aa8.wav,Double_bass,0.013812792487442493,0.017104962840676308,0.03164098784327507,0.00836113840341568,0.9097933173179626,0.0010383069748058915,0.0004377622390165925,0.00028820967418141663,0.00012088533549103886,0.017401661723852158,Double_bass
f042282c.wav,Double_bass,0.016734205186367035,0.0064051332883536816,0.06866643577814102,0.0026707323268055916,0.8999934196472168,0.00017277120787184685,9.12041068659164e-05,0.00018920318689197302,0.0003106541116721928,0.004766248632222414,Double_bass
95e1d0ae.wav,Double_bass,0.07437426596879959,0.007620285265147686,0.06640985608100891,0.0031978723127394915,0.8212852478027344,0.0004924014792777598,0.00017850175208877772,0.024494020268321037,0.0010663459543138742,0.0008812360465526581,Double_bass
595c191d.wav,Double_bass,0.00419530738145113,0.00523342052474618,0.0035028159618377686,0.000161908712470904,0.9843323826789856,4.548944707494229e-05,1.4138000551611185e-05,0.001708874711766839,0.00016259608673863113,0.0006429870845749974,Double_bass
8073923c.wav,Double_bass,0.13851630687713623,0.0004586240684147924,0.03023236244916916,0.001010756241157651,0.8286150693893433,7.363874465227127e-05,3.35429376718821e-07,0.00019975048780906945,0.0006925194174982607,0.00020060517999809235,Double_bass
6efbaf90.wav,Double_bass,0.012414316646754742,0.0070394231006503105,0.02995055541396141,0.00013885725638829172,0.9495776295661926,8.481411350658163e-05,0.00038364503416232765,7.719278801232576e-05,0.00012438885460142046,0.00020925453281961381,Double_bass
642ad7e4.wav,Double_bass,0.012530146166682243,0.00011030998575733975,0.007881690748035908,4.436522795003839e-05,0.938834547996521,1.0354191545047797e-05,6.601538871109369e-07,0.00012430004426278174,0.00222859438508749,0.03823510929942131,Double_bass
5eadbc6d.wav,Double_bass,0.04565504193305969,0.0027596610598266125,0.03512191399931908,0.0014551766216754913,0.8807188272476196,8.75840341905132e-05,0.0012161541962996125,0.011428946629166603,0.0001086171469069086,0.02144804410636425,Double_bass
1a7d3f2d.wav,Double_bass,0.2521381378173828,0.00021068337082397193,0.04128728061914444,0.0003281481331214309,0.7047709822654724,1.0186361578234937e-05,2.7351723019819474e-06,6.969193782424554e-05,0.0008028807933442295,0.0003792251809500158,Double_bass
13da16ae.wav,Double_bass,0.003062501549720764,0.0007660796400159597,0.028254196047782898,2.385182961006649e-05,0.9673961400985718,0.00011049745080526918,7.705154530412983e-06,2.2735956008546054e-05,6.649418082815828e-08,0.00035619185655377805,Double_bass
103f29e5.wav,Double_bass,0.0006983833736740053,0.00015145329234655946,0.00021291550365276635,1.2191912901471369e-05,0.998708188533783,8.470038665109314e-06,1.032165553027653e-08,1.0693946933315601e-05,5.4652403491672885e-08,0.00019783347670454532,Double_bass
da8ea649.wav,Double_bass,0.006287305615842342,0.07579945027828217,0.0025910488329827785,0.00010643387940945104,0.9151817560195923,6.371013938633041e-08,4.605569969839962e-08,2.5886204184644157e-06,3.12099618895445e-05,7.172465643634496e-08,Double_bass
ca348cbb.wav,Double_bass,0.08084969222545624,0.0001085705152945593,0.02147541753947735,4.603657544066664e-06,0.897557258605957,2.977963049488608e-07,7.556772985140014e-09,7.947797371343768e-07,2.249292492706445e-06,1.1487487654449069e-06,Double_bass
8ce2e863.wav,Double_bass,0.00023070262977853417,0.037372224032878876,0.00043715201900340617,2.4061719159362838e-06,0.9619552493095398,4.4437874180403014e-07,3.563157324748545e-09,1.6934151290115551e-06,1.1299711166756765e-10,7.69831913771668e-08,Double_bass
462b676f.wav,Double_bass,0.018182504922151566,0.012784088030457497,0.01563488505780697,0.0010321919107809663,0.9315405488014221,3.8961854443186894e-05,4.979083314538002e-06,0.0010644125286489725,1.9434178284427617e-06,0.019715510308742523,Double_bass
b428466c.wav,Double_bass,0.0031545471865683794,0.0018423679284751415,0.004456969443708658,0.00031942970235832036,0.9898617267608643,8.425122359767556e-06,5.235831395111745e-06,8.564197196392342e-05,3.0380053885892266e-06,0.00026263558538630605,Double_bass
4fd883bb.wav,Double_bass,0.09124147146940231,2.4804090571706183e-05,0.0342472679913044,0.0029100310057401657,0.8714480400085449,1.1566969078558031e-05,5.816088233245864e-08,7.361755706369877e-06,9.571507689543068e-05,1.3704859156860039e-05,Double_bass
2ac8b94f.wav,Double_bass,0.0002136307448381558,0.0006008259952068329,0.03983239457011223,6.409694833564572e-06,0.9486909508705139,0.0014509668108075857,4.643655483960174e-05,0.0074402871541678905,3.7410757158795604e-07,0.0017178317066282034,Double_bass
c840804f.wav,Double_bass,0.019276415929198265,0.0031515255104750395,0.029566528275609016,2.111504954882548e-06,0.9479596018791199,3.151369810439064e-06,2.1117269000114902e-07,9.497974133410025e-06,3.596807346184505e-06,2.7179426979273558e-05,Double_bass
f63f3703.wav,Double_bass,0.0077336132526397705,0.03536209464073181,0.006475572939962149,1.1784213711507618e-05,0.9361914396286011,3.3400410757167265e-06,1.2530522326414939e-05,3.0550136216334067e-06,1.0777870329548023e-06,0.014205453917384148,Double_bass
c0ddf010.wav,Double_bass,0.02605295181274414,0.005731912795454264,0.00656479736790061,5.55455471840105e-06,0.9595500826835632,0.00030487703043036163,1.632845487620216e-05,1.3972690794616938e-05,6.171066502247413e-07,0.0017589753260836005,Double_bass
a0cbe92e.wav,Double_bass,0.009736484847962856,0.05013648793101311,0.010678678750991821,0.027276884764432907,0.8942304253578186,0.0010284014279022813,0.0008879974484443665,7.959417416714132e-05,0.0008413756149820983,0.005103712901473045,Double_bass
4fb480bf.wav,Double_bass,0.0674627348780632,0.16988995671272278,0.10791683197021484,0.03183163329958916,0.5988401174545288,0.0013206354342401028,0.0009885358158499002,0.0007364230114035308,0.00031614009640179574,0.02069699391722679,Double_bass
9dd0141c.wav,Double_bass,0.00021846503659617156,0.0010669289622455835,0.01985331065952778,2.0899199171253713e-06,0.9574198126792908,7.508826092816889e-05,2.6350858206569683e-07,0.0021556587889790535,1.4211370398697909e-05,0.019194215536117554,Double_bass
deb87700.wav,Double_bass,0.01105373166501522,0.007797045633196831,0.015199432149529457,0.009979337453842163,0.9533653855323792,0.0006577098974958062,4.756207636091858e-05,0.0003447719500400126,0.0003213882155250758,0.0012336613144725561,Double_bass
e0ecd1a6.wav,Double_bass,0.1754625290632248,1.895897730719298e-05,0.026342840865254402,0.00020045883138664067,0.7934581637382507,6.00818657403579e-06,3.0991614607955853e-07,0.0035532242618501186,9.88267274806276e-05,0.0008586053736507893,Double_bass
0286fc27.wav,Double_bass,0.020981991663575172,0.002608208218589425,0.026727311313152313,0.00015900260768830776,0.9373503923416138,1.611637526366394e-05,0.0003056806745007634,5.893710840609856e-05,4.337720838520909e-06,0.011788040399551392,Double_bass
e2d993ec.wav,Cello,0.085027314722538,0.0005070492625236511,0.8962478041648865,7.72499552113004e-05,0.009239580482244492,0.0006893139216117561,0.00012400806008372456,0.0039517576806247234,0.00027452028007246554,0.0038613362703472376,Cello
0091fc7f.wav,Cello,0.044113628566265106,0.0026643804740160704,0.8682899475097656,0.012015300802886486,0.018932828679680824,0.008118500001728535,0.00024193100398406386,0.009811880066990852,0.001793381874449551,0.03401825949549675,Cello
e55c5160.wav,Cello,0.008814091794192791,0.0005714729195460677,0.881600022315979,0.003297620452940464,0.013231022283434868,0.009278221055865288,0.0010511900763958693,0.048567306250333786,0.017785491421818733,0.015803523361682892,Cello
a59b5a08.wav,Cello,0.03123466670513153,0.011840044520795345,0.8646077513694763,0.00703962380066514,0.03442330285906792,0.0006148008396849036,0.0001662143913563341,0.00014895907952450216,0.0005222144536674023,0.04940246418118477,Cello
88500b88.wav,Cello,0.013710424304008484,0.0008982521831057966,0.9467637538909912,6.12817530054599e-05,0.006267958786338568,0.002922004321590066,2.4702943846932612e-05,0.027495456859469414,7.120167720131576e-05,0.001785111497156322,Cello
743ae0f9.wav,Cello,0.06473597139120102,0.009654724039137363,0.7605559825897217,0.0014720550971105695,0.13433417677879333,0.0003114827268291265,0.0017212404636666179,0.013146650046110153,0.00032672600354999304,0.013740998692810535,Cello
9e3bc1b6.wav,Cello,0.006184495985507965,0.000427839724579826,0.940067708492279,0.0007648622849956155,0.0370248444378376,0.0001970474695554003,1.952908314706292e-05,0.004694955889135599,0.010484207421541214,0.00013450895494315773,Cello
3e2bddda.wav,Cello,0.011100392788648605,0.00012823882570955902,0.8395000100135803,0.0016600164817646146,0.00019614877237472683,0.0011944343568757176,0.020779842510819435,0.053234949707984924,0.010805080644786358,0.06140091270208359,Cello
d328db67.wav,Cello,0.016484621912240982,6.414960080292076e-05,0.9298757910728455,0.002707882784307003,0.0072862314991652966,0.0007463445072062314,0.0011208306532353163,0.008784358389675617,0.016673514619469643,0.016256393864750862,Cello
7d896090.wav,Cello,0.04943477362394333,0.0023726962972432375,0.8890143036842346,0.004173609893769026,0.019649848341941833,0.0029848874546587467,0.0002942279970739037,0.01999812014400959,0.0035298585426062346,0.00854762364178896,Cello
4bff8f32.wav,Cello,0.05510171875357628,0.003509643953293562,0.8712080717086792,0.00023117271484807134,0.06927650421857834,4.923820961266756e-05,1.5850211639190093e-05,0.0002104517916450277,0.0002841099340002984,0.0001133437835960649,Cello
5e5bca7a.wav,Cello,0.021559789776802063,0.0064721256494522095,0.8736413717269897,0.005411634221673012,0.012600810267031193,0.0006181764183565974,0.0011608839267864823,0.004642690997570753,0.000582369975745678,0.07331012934446335,Cello
811bf309.wav,Cello,0.03779499605298042,0.004269262310117483,0.8953938484191895,0.0006418533157557249,0.025032691657543182,0.0004838089516852051,6.380621198331937e-05,0.0086159473285079,0.0012347034644335508,0.026469111442565918,Cello
5689818f.wav,Cello,0.05306266248226166,0.0018827228341251612,0.9041268825531006,0.0006078063161112368,0.033810701221227646,0.00037379178684204817,0.001158491475507617,0.0012423453154042363,0.00039433944039046764,0.0033402384724467993,Cello
81d9f077.wav,Cello,0.01853453740477562,0.0014406150439754128,0.8748547434806824,0.006552542559802532,0.07352303713560104,0.0006448281928896904,1.7586504327482544e-05,0.023341963067650795,5.449514355859719e-05,0.0010357048595324159,Cello
00353774.wav,Cello,0.033504121005535126,0.00018328736769035459,0.9563559889793396,0.0003448715142440051,0.0021322353277355433,0.0006705498672090471,0.0033878402318805456,0.0019606593996286392,5.1568167691584677e-05,0.0014089796459302306,Cello
6a210ffa.wav,Cello,0.020399222150444984,0.0026521969120949507,0.8069184422492981,0.0003573883150238544,0.1551162749528885,0.0017193316016346216,3.412013393244706e-05,0.0043446836061775684,0.0036913342773914337,0.004766819532960653,Cello
e97d9707.wav,Cello,0.037280768156051636,0.0008367117261514068,0.9143412113189697,0.0005259087192825973,0.03517294302582741,0.0005977077526040375,0.00022740998247172683,0.006880430970340967,0.00022806241759099066,0.003908786457031965,Cello
238b16a5.wav,Cello,0.028122922405600548,0.00048733464791439474,0.5679894685745239,4.887572140432894e-05,0.3972998559474945,0.0006032967939972878,3.735010977834463e-06,0.0003182489308528602,0.003471379866823554,0.0016549305291846395,Cello
dc5be9d7.wav,Cello,0.04169689863920212,0.0007526161498390138,0.9280024766921997,0.0003173653094563633,0.022900298237800598,0.0002913651696871966,9.510830750514288e-06,0.000261038017924875,6.723868864355609e-05,0.005701318383216858,Cello
f9653de8.wav,Cello,0.035722386091947556,0.017818618565797806,0.8401474356651306,0.0013546627014875412,0.08080945163965225,0.00035626115277409554,0.002666112966835499,0.0033841952681541443,0.000127465435070917,0.01761358603835106,Cello
31dbc5c0.wav,Cello,0.06404681503772736,0.00436760950833559,0.8585742712020874,0.00014130750787444413,0.015355942770838737,0.018094319850206375,1.3835149729857221e-05,0.014713481068611145,0.0001371470425510779,0.024555252864956856,Cello
cbc8d551.wav,Cello,0.02739780955016613,0.0076898373663425446,0.8512614965438843,0.00790858082473278,0.044102463871240616,0.0017714068526402116,0.00040999078191816807,0.023921942338347435,0.0025135024916380644,0.03302289918065071,Cello
195f544d.wav,Cello,0.039315130561590195,0.0076333098113536835,0.7640416622161865,0.004360720049589872,0.013839450664818287,0.0338447242975235,0.010519852861762047,0.08656272292137146,0.003920991439372301,0.035961415618658066,Cello
22bea889.wav,Cello,0.04825972393155098,0.005565422587096691,0.7057889699935913,0.005202373024076223,0.22854186594486237,0.00032254154211841524,0.00024381130060646683,0.0017089461907744408,0.0026832427829504013,0.0016831496031954885,Cello
ab8e8ae3.wav,Cello,0.010747089982032776,0.000740832241717726,0.947826623916626,0.006046532653272152,0.0253946203738451,0.0008996637188829482,0.0036926348693668842,0.0021511102095246315,0.0004754904075525701,0.002025442663580179,Cello
e70c41d4.wav,Cello,0.001994926715269685,3.8110542277536297e-07,0.9198965430259705,0.0004186582809779793,3.485656634438783e-05,0.009271754883229733,2.8814761208195705e-06,0.05695080757141113,0.00017317329184152186,0.011256199330091476,Cello
125e6ccf.wav,Cello,0.011011057533323765,0.0008381297229789197,0.963042140007019,0.00738053722307086,0.002319984370842576,0.0001964245893759653,0.00012766504369210452,0.00044673102092929184,0.013275089673697948,0.0013622252736240625,Cello
2da9e12a.wav,Cello,0.024258214980363846,0.002126079984009266,0.8507062792778015,0.0002819540095515549,0.0954551249742508,0.0028518964536488056,0.0006770495092496276,0.021009407937526703,0.000932287541218102,0.0017017001518979669,Cello
34e4d187.wav,Cello,0.07374756783246994,0.014256779104471207,0.6683922410011292,0.0014087726594880223,0.21443922817707062,0.00042355418554507196,0.006899431813508272,0.010743054561316967,0.0018416286911815405,0.007847830653190613,Cello
52e54bdd.wav,Bass_drum,0.07276960462331772,0.42702439427375793,0.24616286158561707,0.023710263893008232,0.13189144432544708,0.0029100519604980946,0.001190401497296989,0.01285132672637701,0.001932343584485352,0.07955728471279144,Bass_drum
6d21ad67.wav,Bass_drum,0.00011948165047215298,0.9383592009544373,0.04587388038635254,8.546043682144955e-05,0.01536645833402872,0.00014002980606164783,3.034863948414568e-05,8.570220416004304e-06,2.768839749478502e-06,1.3779260370938573e-05,Bass_drum
ca3f3698.wav,Bass_drum,0.005701802205294371,0.9859248399734497,0.0006567189702764153,7.086508048814721e-06,0.007667959667742252,5.208706852499745e-07,1.7656026329859742e-06,3.574699076125398e-05,4.4281790678724064e-08,3.5647785807668697e-06,Bass_drum
aa9ae956.wav,Bass_drum,0.0010839046444743872,0.9536888003349304,0.011869293637573719,0.002712163608521223,0.024808790534734726,6.0317019233480096e-05,2.7503760065883398e-05,0.0003539372410159558,2.8553772608574945e-06,0.005392394028604031,Bass_drum
0ddb4bdf.wav,Bass_drum,0.007329675368964672,0.8628697395324707,0.033848024904727936,0.0045358482748270035,0.08290065824985504,0.000267725350568071,0.00023271937971003354,0.0005328287370502949,1.9232284103054553e-05,0.007463527377694845,Bass_drum
921eee9d.wav,Bass_drum,0.019336668774485588,0.8427029252052307,0.08180355280637741,0.0035812556743621826,0.001080599264241755,0.0005254620336927474,0.0013711812207475305,0.008873211219906807,0.037147533148527145,0.0035776421427726746,Bass_drum
c153f347.wav,Bass_drum,0.0018227475229650736,0.9907674789428711,0.0007036951137706637,1.2192623216833454e-05,0.006669449619948864,5.075377202956588e-07,9.679890808911296e-07,2.097172909998335e-05,3.612817778275712e-08,1.906630700432288e-06,Bass_drum
63e0ab2c.wav,Bass_drum,0.004037377890199423,0.9478947520256042,0.016653459519147873,0.00022045709192752838,0.03008551336824894,2.3771948690409772e-05,2.1160167307243682e-05,0.00012704699474852532,5.65680875297403e-06,0.0009308448643423617,Bass_drum
88780eac.wav,Bass_drum,0.03231589496135712,0.884896457195282,0.023139750584959984,0.009608939290046692,0.009439396671950817,0.006583835929632187,0.0010551299201324582,0.0008686434011906385,0.024821138009428978,0.0072708469815552235,Bass_drum
bea51ca5.wav,Bass_drum,0.0005634260596707463,0.8516249656677246,0.031139660626649857,0.00040226569399237633,0.11437585204839706,0.0013476588064804673,7.687844117754139e-06,0.0001726534974295646,7.553303930762922e-06,0.0003582703066058457,Bass_drum
f26131d8.wav,Bass_drum,0.0006555679719895124,0.8334088921546936,0.00022139262000564486,0.12286879867315292,0.002844307804480195,0.00029172803624533117,0.0009249629802070558,0.031060047447681427,0.00016267708269879222,0.00756156025454402,Bass_drum
ce75b5ce.wav,Bass_drum,0.010052040219306946,0.9193325042724609,0.007445790339261293,0.008467631414532661,0.008102158084511757,5.975547537673265e-05,0.00013822189066559076,0.04391998425126076,0.00020100123947486281,0.0022808886133134365,Bass_drum
565f3ee2.wav,Bass_drum,0.02144228294491768,0.8114498257637024,0.08807383477687836,0.004434884525835514,0.018052883446216583,0.00039935679524205625,0.0012019808636978269,0.047213200479745865,1.0805782039824408e-05,0.00772094214335084,Bass_drum
ff11628d.wav,Bass_drum,0.003440567059442401,0.9031591415405273,0.025055408477783203,0.009473598562180996,0.03818533569574356,0.00015850744966883212,0.00019785898621194065,0.0002443097182549536,5.953565050731413e-06,0.020079277455806732,Bass_drum
cdfc8967.wav,Bass_drum,0.03165693208575249,0.5410730838775635,0.18047814071178436,0.010742239654064178,0.1752776801586151,0.0023899017833173275,0.0006057521095499396,0.0008047573501244187,0.0020849290303885937,0.054886579513549805,Bass_drum
f8a99b37.wav,Bass_drum,0.004275734070688486,0.8948287963867188,0.024387815967202187,0.0015316434437409043,0.07314722239971161,0.00010582232062006369,4.934392563882284e-05,0.0008100898121483624,2.4306405066454317e-06,0.0008610952645540237,Bass_drum
809ea09e.wav,Bass_drum,0.0036006136797368526,0.9238703846931458,0.020414475351572037,0.0023787731770426035,0.04249214380979538,8.807046106085181e-05,6.190451676957309e-05,0.000993658322840929,1.5154536413319875e-05,0.006084824912250042,Bass_drum
03fc1f96.wav,Bass_drum,0.2703351378440857,0.2572872042655945,0.1471255123615265,0.03448283299803734,0.2279396951198578,0.00194577279035002,0.022681042551994324,0.0006192646687850356,0.0006403028964996338,0.0369432270526886,Acoustic_guitar
8b6a16de.wav,Bass_drum,0.0044481186196208,0.9881700277328491,0.0006514068809337914,3.345683126099175e-06,0.00671417685225606,2.486540893187339e-07,5.619703529191611e-07,1.0416290933790151e-05,1.559958029417885e-08,1.6888724303498748e-06,Bass_drum
7dda9dc2.wav,Bass_drum,0.06287194788455963,0.6320439577102661,0.04420860484242439,0.010278893634676933,0.23258568346500397,0.002148386789485812,0.0007094171596691012,0.002840113127604127,0.004509276244789362,0.007803687360137701,Bass_drum
3a9085ca.wav,Bass_drum,0.0356527641415596,0.8023136258125305,0.022685840725898743,0.012354161590337753,0.01309948693960905,6.949849921511486e-05,0.0008906214497983456,0.0889371857047081,0.0016474336152896285,0.022349407896399498,Bass_drum
4ba2b70e.wav,Bass_drum,0.0015690095024183393,0.8945643901824951,0.0008513240609318018,0.005720765795558691,0.0008703782223165035,2.386019150435459e-05,0.0001470510906074196,0.08925022929906845,0.0008940408006310463,0.006108900532126427,Bass_drum
01c2f88b.wav,Bass_drum,0.009771497920155525,0.8704167008399963,0.02971881628036499,0.015946725383400917,0.0647689625620842,0.0018044934840872884,9.416887769475579e-05,0.000775500200688839,0.00011090378393419087,0.006592190358787775,Bass_drum
ce3f3400.wav,Bass_drum,0.12461365014314651,0.5765228867530823,0.1381065398454666,0.0037316735833883286,0.06617020070552826,0.00022738876577932388,0.004595334175974131,0.040411271154880524,0.0016618999652564526,0.04395918920636177,Bass_drum
6a96272b.wav,Bass_drum,9.143952775048092e-05,0.9078265428543091,0.00045207509538158774,0.0007038410403765738,0.09086401015520096,1.223560502694454e-06,1.1727894388968707e-06,5.466069342219271e-05,2.2630058538197773e-06,2.796208718791604e-06,Bass_drum
9adffd44.wav,Bass_drum,0.016864752396941185,0.9596008062362671,0.003172417636960745,1.1056602488679346e-05,0.020296519622206688,1.349136141470808e-06,1.958834400284104e-05,1.9194343622075394e-05,1.5221768023820914e-07,1.4175940123095643e-05,Bass_drum
7d11b3b4.wav,Bass_drum,4.442465433385223e-05,0.9991719126701355,8.39880303828977e-05,3.055498018511571e-05,0.000630268594250083,3.4075685562129365e-07,6.402598273780313e-07,3.694455517688766e-05,5.635905608869507e-08,9.21045057111769e-07,Bass_drum
bab98261.wav,Bass_drum,0.00016268542094621807,0.9983906745910645,0.00017394968017470092,3.51409544236958e-05,0.0012009873753413558,9.730965757626109e-07,9.047847697729594e-07,3.239950456190854e-05,1.01336581792566e-07,2.1515706976060756e-06,Bass_drum
c11bacda.wav,Bass_drum,0.04422404244542122,0.7998563647270203,0.05952291563153267,0.009040550328791142,0.02507360838353634,0.0012765467399731278,0.004269707482308149,0.02059529908001423,0.00030563492327928543,0.03583529219031334,Bass_drum
9a4bfb69.wav,Bass_drum,0.04913456365466118,0.7450330853462219,0.07971661537885666,0.0003202795051038265,0.12377534806728363,0.00011636117415037006,0.00013148764264769852,0.00046590217971242964,8.297542808577418e-05,0.0012233864981681108,Bass_drum
18865530.wav,Flute,0.0008441419922746718,6.441096047637984e-06,0.00014622704475186765,0.00038941428647376597,0.0005358929047361016,0.960297167301178,1.0623639354889747e-05,0.00016562658129259944,0.0008606865885667503,0.03674381226301193,Flute
9f6eac9c.wav,Flute,0.0020490374881774187,4.162803634244483e-06,0.014333057217299938,0.02075665071606636,0.0010260859271511436,0.9331026077270508,0.0006563370698131621,0.010843411087989807,4.050410643685609e-05,0.017188213765621185,Flute
07db7f16.wav,Flute,0.0011146139586344361,0.00586303137242794,0.015173953026533127,0.029628627002239227,0.006199835333973169,0.9221980571746826,0.0009099371964111924,8.50913638714701e-05,0.0006530476966872811,0.018173832446336746,Flute
dc6676ff.wav,Flute,5.996317122480832e-05,7.702879884163849e-06,0.0004929496790282428,0.010831753723323345,0.00010584450501482934,0.8904097080230713,0.007983097806572914,0.05007002875208855,0.00011536856618477032,0.039923641830682755,Flute
3eaddda8.wav,Flute,0.015250572003424168,0.00016760833386797458,0.06368070095777512,0.03971687704324722,0.00159561971668154,0.7589651346206665,0.003304307349026203,0.07322178781032562,0.0005008068401366472,0.04359645023941994,Flute
1b93aeba.wav,Flute,0.00032050625304691494,0.0026819121558219194,0.0017550151096656919,0.000900188519153744,0.013973181135952473,0.9756816625595093,6.075305947206289e-08,0.0042516691610217094,5.283321229399007e-07,0.0004353630356490612,Flute
c683f28f.wav,Flute,0.018829261884093285,6.65784625653032e-07,7.98920591478236e-05,0.005941314157098532,1.54847612066078e-06,0.9733709692955017,1.4635950784658291e-10,0.0011547197354957461,1.1857772541645772e-08,0.0006216330802999437,Flute
55d52a69.wav,Flute,0.001164544140920043,0.0011168981436640024,0.024215491488575935,0.022636013105511665,0.004293746314942837,0.9096682071685791,0.000904889777302742,0.0285788606852293,5.7993172958958894e-05,0.007363245356827974,Flute
ca8653d2.wav,Flute,0.00671143364161253,0.003731918055564165,0.02054169587790966,0.0029340533073991537,0.012964614666998386,0.9179973006248474,0.00022899257601238787,0.03064514882862568,0.00017677605501376092,0.004067925736308098,Flute
6b27a847.wav,Flute,8.93051674211165e-06,9.129257705353666e-07,0.003255665535107255,0.005923450458794832,1.5526109564234503e-05,0.9811609387397766,0.002110610017552972,7.124137482605875e-05,4.557047213893384e-05,0.0074068899266421795,Flute
4bcc8a77.wav,Flute,0.007681374438107014,0.0013050490524619818,0.0008771175635047257,0.0009653766755945981,0.0035890615545213223,0.9463222622871399,3.523422492435202e-06,0.03029550239443779,0.0005391172016970813,0.008421601727604866,Flute
84f5b84b.wav,Flute,0.0009035819675773382,0.00016030474216677248,0.00013991566083859652,0.0022136636544018984,7.207967428257689e-05,0.9955206513404846,3.914755630773925e-09,0.0008837190107442439,2.4754976948315743e-06,0.0001035407476592809,Flute
5d73ee6f.wav,Flute,0.027424607425928116,0.007991127669811249,0.0203822311013937,0.060654718428850174,0.026461966335773468,0.6855140328407288,0.030763592571020126,0.08151956647634506,0.01721952296793461,0.04206870123744011,Flute
5d040c3b.wav,Flute,0.0010722118895500898,2.1297428247635253e-05,0.005934517364948988,0.0001926239492604509,0.007101516239345074,0.9523529410362244,3.5036398458032636e-06,0.002402376150712371,0.003963638562709093,0.02695549838244915,Flute
6a037ddf.wav,Flute,0.002184907905757427,0.0067331017926335335,0.03335608169436455,0.019291885197162628,0.010283001698553562,0.8856633901596069,0.005222933366894722,0.008771877735853195,0.000434588931966573,0.02805827185511589,Flute
35e97db3.wav,Flute,6.048258569535392e-07,5.122087649855889e-12,2.2570337023353204e-05,5.010306995245628e-05,5.356835419689787e-09,0.9930369257926941,0.00014214096881914884,3.507750534481602e-06,2.157680683012586e-06,0.006741983816027641,Flute
d14f5df1.wav,Flute,0.011205251328647137,0.0023562621790915728,0.02048584446310997,0.00817735493183136,0.010694154538214207,0.8594407439231873,0.001928748213686049,0.07383188605308533,2.320896601304412e-05,0.011856568045914173,Flute
9f522cda.wav,Flute,1.3350503650144674e-05,2.152238387509442e-08,0.0009116163710132241,0.022602258250117302,0.00020081878756172955,0.9464545845985413,4.303024525142973e-06,0.010414689779281616,1.1889895290551067e-07,0.019398335367441177,Flute
fe76c972.wav,Flute,0.003672582795843482,3.089321035076864e-05,0.03793361783027649,0.022542903199791908,6.814672087784857e-05,0.8848797082901001,6.664972170256078e-05,0.03662160411477089,2.1270589058985934e-06,0.01418191846460104,Flute
562d93f5.wav,Flute,0.011427312158048153,0.000704675039742142,0.021767523139715195,0.051697853952646255,0.0011955451918765903,0.8741679787635803,0.0032355505973100662,0.020179757848381996,0.009903132915496826,0.005720712244510651,Flute
fa32109e.wav,Flute,8.93861724762246e-05,0.0006599277257919312,0.030349718406796455,0.032237712293863297,0.0003132613201159984,0.8795911073684692,0.0009938074508681893,0.032144635915756226,5.9908787079621106e-05,0.023560544475913048,Flute
b4b2b68d.wav,Flute,0.019323905929923058,0.0044261133298277855,0.060452673584222794,0.013333205133676529,0.035710062831640244,0.8271421790122986,0.0011829438153654337,0.016678767278790474,0.0002390122099313885,0.02151123434305191,Flute
af227d6f.wav,Flute,0.0011230653617531061,8.701007027411833e-05,0.009892517700791359,0.023104218766093254,0.00027389073511585593,0.8927244544029236,0.005073186941444874,0.0526028573513031,0.0003517918230500072,0.014766978099942207,Flute
85d6a7d2.wav,Flute,0.009638352319598198,5.450824392028153e-05,0.01812043786048889,0.029776791110634804,0.00046048127114772797,0.8443623185157776,4.056472607771866e-05,0.09474047273397446,9.453888196730986e-05,0.0027115957345813513,Flute
3707da71.wav,Flute,0.026742445304989815,3.750150426640175e-05,0.03923417627811432,0.04538686200976372,0.0012191428104415536,0.7580906748771667,0.03663848340511322,0.0623483844101429,0.008111781440675259,0.02219056710600853,Flute
61c914b1.wav,Flute,3.3295771572738886e-05,2.860287295902708e-08,0.0004750525113195181,0.033579446375370026,0.00023429565771948546,0.9636311531066895,5.883849553356413e-06,5.651849278365262e-06,2.6367308691988e-06,0.0020325100049376488,Flute
f5e20dce.wav,Flute,0.06377256661653519,0.006328011862933636,0.1692388504743576,0.03240829333662987,0.011012141592800617,0.6172108054161072,0.0125536834821105,0.060527198016643524,0.0036676540039479733,0.0232809167355299,Flute
b0d9849d.wav,Flute,0.002266553696244955,0.0021869363263249397,0.009279405698180199,0.047292523086071014,0.007602434139698744,0.8878925442695618,0.0021092190872877836,0.021622877568006516,0.0005356420879252255,0.01921173557639122,Flute
6ef82473.wav,Flute,0.0133204385638237,0.0011455471394583583,0.01912919618189335,0.014633660204708576,0.043494828045368195,0.8216875791549683,0.009314482100307941,0.05687897652387619,0.00027919234707951546,0.020116116851568222,Flute
8986cced.wav,Flute,0.00040630498551763594,3.928692240151577e-05,0.0049183364026248455,0.00026679603615775704,0.017640795558691025,0.9759947657585144,0.00019417326257098466,0.0002625133784022182,8.45646281959489e-05,0.00019250766490586102,Flute
a64a3740.wav,Clarinet,5.591535341409326e-07,9.318840837879705e-11,6.5165550040546805e-06,0.9699963331222534,8.492817116234619e-09,0.009561663493514061,7.046361133689061e-06,1.5796569607928745e-10,8.672162543632567e-09,0.020427986979484558,Clarinet
ad7ec8cb.wav,Clarinet,1.7959806818818036e-12,8.339094422860158e-15,5.931691138272299e-09,0.9970132112503052,1.1360581529326619e-12,0.00024116216809488833,4.736594449994413e-10,1.0997034394222283e-09,5.468777514172629e-11,0.0027456230018287897,Clarinet
8ee44fb5.wav,Clarinet,8.337545295944437e-05,1.1087998574854652e-10,1.677192994975485e-05,0.9699376225471497,0.00010021042544394732,6.944382039364427e-05,3.531449621618776e-08,0.001027813064865768,8.11295467428863e-06,0.02875654771924019,Clarinet
7eb959ec.wav,Clarinet,0.018315734341740608,4.44555735157337e-06,0.02199777215719223,0.9299966096878052,0.010557757690548897,0.00042533650412224233,0.005806833039969206,0.011066473089158535,7.337275019381195e-05,0.0017556985840201378,Clarinet
e51e1770.wav,Clarinet,1.5440132301591802e-06,1.7278219743843692e-08,1.3532719094655477e-05,0.9914225935935974,3.1928288080962375e-05,4.272205842426047e-05,0.0018912688829004765,0.00022820358572062105,1.665318814048078e-05,0.00635160319507122,Clarinet
3f7e6da8.wav,Clarinet,0.00010176605428569019,1.0231383448799924e-11,0.00036641303449869156,0.9916594624519348,5.240934569883393e-06,3.266756039010943e-07,0.0077952975407242775,4.265751704224385e-05,5.34227410753374e-07,2.828046854119748e-05,Clarinet
3cbe9902.wav,Clarinet,0.002535430947318673,0.0073720552027225494,0.034321192651987076,0.9083673357963562,0.008537853136658669,0.0042101233266294,0.001955118030309677,0.000643121253233403,0.0005151283112354577,0.031542595475912094,Clarinet
9a722e53.wav,Clarinet,3.4745327866403386e-05,7.951327929411889e-10,2.6364146833657287e-05,0.9969865679740906,0.00020124301954638213,2.4347730231966125e-06,6.948361330749719e-10,0.0027460281271487474,1.4296693169602026e-11,2.490359975126921e-06,Clarinet
19105b8a.wav,Clarinet,0.007503701839596033,0.0014192973030731082,0.0038460800424218178,0.9287495017051697,0.016696011647582054,0.008524981327354908,0.015356707386672497,0.01415954064577818,3.279389420640655e-05,0.003711286699399352,Clarinet
1f81cc2b.wav,Clarinet,0.00020185204630251974,2.545708071011177e-07,0.017707793042063713,0.9373012185096741,0.0007999176741577685,0.01751398667693138,5.812323433929123e-05,0.019918933510780334,0.00016575837798882276,0.006332143675535917,Clarinet
44c5094c.wav,Clarinet,1.0278113222739194e-06,2.0429014382927768e-11,0.0004393241833895445,0.9680681228637695,1.868595056464528e-09,0.004289428237825632,9.603009054615086e-09,0.027201954275369644,4.550082621790352e-08,8.259205941385517e-08,Clarinet
5506629f.wav,Clarinet,0.015038532204926014,0.0008535036467947066,0.021895909681916237,0.9492433071136475,0.0025656900834292173,0.00023642064479645342,0.002359639620408416,0.0017271878896281123,0.0014000753872096539,0.00467977300286293,Clarinet
ddf23920.wav,Clarinet,2.1475247535818198e-07,4.002887431242552e-12,3.061006509597064e-06,0.9965248107910156,4.64325680127331e-08,0.0030381265096366405,5.239628535491647e-07,1.076333799865381e-09,1.7962394072146282e-10,0.00043323321733623743,Clarinet
2e1cd085.wav,Clarinet,5.587237270066048e-11,1.74010762396537e-13,5.868876087333774e-07,0.987519383430481,4.9302545553076005e-12,0.006041306536644697,1.1749342609945757e-09,0.0007348076906055212,1.446508576918859e-05,0.00568968104198575,Clarinet
dc981a38.wav,Clarinet,0.0028806589543819427,0.007757793180644512,0.0033264232333749533,0.8749489188194275,0.0005178090068511665,0.09200605750083923,0.0018735156627371907,0.014934984967112541,4.960809292242629e-07,0.0017534405924379826,Clarinet
a053797b.wav,Clarinet,0.048257000744342804,9.271195366977736e-09,2.6339512260165066e-06,0.9432767033576965,0.0008027522126212716,4.5343949750531465e-05,9.703633729873928e-11,0.007555726449936628,2.968508169942652e-06,5.680961112375371e-05,Clarinet
f2310f0d.wav,Clarinet,0.039893560111522675,0.0003806937311310321,0.004695858806371689,0.8989709615707397,0.011399558745324612,0.0009795828955247998,0.0017815213650465012,0.001294408575631678,0.0007984708063304424,0.03980560600757599,Clarinet
ce65d6b5.wav,Clarinet,0.0019063635263592005,2.4062485337594808e-08,0.00047111292951740324,0.9379934668540955,0.021386802196502686,0.0011073523201048374,6.841491817510814e-09,0.03229094296693802,2.1076749590065447e-07,0.004843663889914751,Clarinet
45de3233.wav,Clarinet,0.0032284476328641176,0.011153162457048893,0.03660134598612785,0.9184460043907166,0.009589992463588715,0.000964085862506181,0.004829836543649435,0.00027091862284578383,0.0002618565922603011,0.014654310420155525,Clarinet
8916ffcd.wav,Clarinet,0.00010278004629071802,4.570903117812053e-12,1.4381992514245212e-05,0.9962778091430664,0.00010979278158629313,0.002657896839082241,3.0223382130323273e-10,0.0008309121476486325,6.503078076036672e-10,6.313207450148184e-06,Clarinet
e43f7db2.wav,Clarinet,9.295568759171147e-10,1.6813975342241938e-13,0.010117759928107262,0.9885374903678894,1.4544378201808428e-10,0.00035428343107923865,3.236989982724481e-07,0.00040833980892784894,8.941792195571452e-09,0.000581882894039154,Clarinet
3c66098d.wav,Clarinet,3.5293464861752e-06,1.0216273660379471e-10,0.00020809253328479826,0.6471073031425476,2.7084718468017854e-08,0.35265687108039856,1.3093243503292662e-11,3.5511990859049547e-07,8.03301869467532e-11,2.3730382963549346e-05,Clarinet
ad42e493.wav,Clarinet,0.00011953009379794821,6.244163728297281e-07,0.00020776191377080977,0.9956190586090088,0.0014774127630516887,3.931891478714533e-05,1.2264390534255654e-05,0.0010326224146410823,1.5877760233706795e-05,0.0014752771239727736,Clarinet
740e5bb7.wav,Clarinet,0.005760769825428724,0.004219564609229565,0.06917531788349152,0.8447808027267456,0.017308669164776802,0.006278738379478455,0.0063930656760931015,0.023158272728323936,0.0005917120724916458,0.022333193570375443,Clarinet
800b401e.wav,Clarinet,0.023714222013950348,0.0026396482717245817,0.027666762471199036,0.9174351096153259,0.02247210033237934,0.0007985581178218126,5.5977388910832815e-06,0.004497555550187826,0.0007453746511600912,2.538961598474998e-05,Clarinet
3c713bcf.wav,Clarinet,0.0001223202416440472,4.845695045219145e-08,0.03530288115143776,0.9643601775169373,7.614090009155916e-06,1.1836066704518089e-07,1.2471632544475142e-06,0.00020329341350588948,1.8869576479119132e-07,2.1121129520906834e-06,Clarinet
2fc00271.wav,Clarinet,2.3327331746259006e-06,3.0112340709820273e-07,9.311319445259869e-06,0.9994738698005676,3.204141103196889e-05,1.8145769331567863e-07,9.88512983894907e-05,0.00010046985698863864,6.989662626466497e-09,0.00028274263604544103,Clarinet
b0c06255.wav,Clarinet,1.037998913488991e-06,1.829385198881539e-09,0.0007440304616466165,0.984158992767334,6.454607046180172e-06,0.002574444515630603,1.2404951121425256e-05,0.012403542175889015,1.7993410210692673e-06,9.726906137075275e-05,Clarinet
71c6451f.wav,Clarinet,4.227572958370729e-08,3.746002175120111e-09,0.011522882618010044,0.9030907154083252,7.020812518021557e-07,0.08286777138710022,8.922302185965236e-08,0.0016426778165623546,1.600570794835221e-05,0.0008589819190092385,Clarinet
5de123c3.wav,Clarinet,3.768942178794532e-06,3.616666688355252e-11,0.0007859307224862278,0.9900756478309631,0.00029459025245159864,0.00107001478318125,3.6782786594358186e-08,0.0052746874280273914,9.796658559935167e-05,0.00239730766043067,Clarinet
